"Nome","Entidade / Veículo","Perfil","Histórico Relevante","Tese de Fit","Ticket Estimado","Canal de Contato","Estágio no Funil","Próxima Ação"
"Fabrice Grinda","FJ Labs","Anjo Setorial Global","Co-fundador da OLX global; líder em classificados de autos no Brasil","Marketplaces transacionais e SaaS B2B para vertical autos","US$ 250 mil+","FJ Labs — portal de submissão (fjlabs.com)","Mapeado","Enviar teaser Template 3 (E-mail Executivo) com deck online e One-Pager"
"Marcos Leite","Investidor Independente","Anjo Setorial","Ex-CCO e ex-CRO do Grupo OLX Brasil (verticais Autos e Imóveis)","Martechs e esteiras de CRM para lojistas automotivos","R$ 100 mil a R$ 300 mil","LinkedIn InMail — perfil executivo OLX","Mapeado","Enviar teaser Template 1 (LinkedIn InMail) destacando gestão de leads"
"Fernando Miranda","Neon (CEO)","Anjo Setorial","Ex-CEO da Webmotors; ex-Diretor de Varejo Digital do Santander","Crédito veicular e esteiras digitais com embedded finance","R$ 100 mil a R$ 300 mil","LinkedIn InMail — rede Neon / financeira","Mapeado","Enviar Template 1 com tese de monetização via crédito e leads qualificados"
"Eduardo Jurcevic","Webmotors (CEO)","Anjo Setorial","CEO da Webmotors desde 2020; +20 anos em projetos digitais do Santander","Autotechs e plataformas para redes de concessionárias","R$ 100 mil a R$ 300 mil","LinkedIn InMail — Webmotors","Mapeado","Agendar conversa sobre integração com inventário digital de revendas"
"Ricardo Bonzo Filho","C6 Bank — Head de Veículos","Anjo Setorial","Ex-CEO da iCarros; verticais automotivas no Santander/Aymoré e BV","Fintech automotiva e esteiras de financiamento para lojistas","R$ 100 mil a R$ 300 mil","LinkedIn InMail — C6 Bank","Mapeado","Enviar Template 1 com dados de CPL e volume de leads para crédito"
"Mauricio Feldman","Supera Capital","Anjo Setorial Institucional","Co-fundador e ex-CEO da Volanty (vendida à Creditas)","Marketplaces de seminovos e softwares de repasse B2B","R$ 200 mil a R$ 500 mil","Supera Capital — contato institucional / rede Stanford","Mapeado","Enviar Template 3 (E-mail) com One-Pager e pedir indicação de co-investidores"
"Luca Cafici","InstaCarro (CEO)","Anjo Setorial","Co-fundador e ex-CEO da InstaCarro; pioneiro em leilões C2B","Marketplaces B2B e plataformas de logística na LATAM","R$ 100 mil a R$ 300 mil","LinkedIn InMail — InstaCarro","Mapeado","Enviar Template 1 comparando eficiência de leilão com leads qualificados"
"Diego Fischer","Carupi (CEO)","Anjo Setorial","Co-fundador e ex-CEO da InstaCarro; ex-McKinsey","Mobilidade, vistorias remotas e software automotivo pré-seed","R$ 100 mil a R$ 300 mil","LinkedIn InMail — Carupi / MIT Angels","Mapeado","Enviar Template 1 com foco em automação e dados de pátio"
"J. R. Caporal","Auto Avaliar / MegaDealer (CEO)","Anjo Setorial","Criou a Auto Avaliar (B2B de repasse, adquirida pela Stellantis)","Martechs e plataformas de crédito para concessionárias","R$ 200 mil a R$ 500 mil","Rede B2B Auto — Auto Avaliar / eventos setoriais","Mapeado","Enviar Template 3 com estratégia de repasse e inventário fiscal"
"Daniel Abbud","Dryve (CEO)","Anjo Setorial","Fundador da Dryve (B2B financeiro); co-fundador Beblue","Embedded finance, crédito para frotas e logística","R$ 100 mil a R$ 300 mil","7stars Partners — rede","Mapeado","Enviar Template 1 conectando integração DMS a crédito de estoque"
"Rafael Constantinou","Advisor / Independente","Anjo Setorial","Ex-Head de Marketing da Webmotors; ex-VP Marketing Grupo OLX","Jornada digital do lojista e martechs de retenção","R$ 50 mil a R$ 200 mil","LinkedIn InMail — ex-Webmotors","Mapeado","Enviar Template 1 com métricas de marketing por loja"
"Flávio Passos","OLX Brasil — VP Autos","Anjo Setorial","VP da unidade de Autos da OLX Brasil","SaaS de gestão de leads e CRM automotivo","R$ 50 mil a R$ 200 mil","LinkedIn InMail — OLX Brasil","Mapeado","Agendar call de validação de produto com dados de conversão DAA"
"Daniel Wjunisky","Investidor Independente","Anjo Setorial","Ex-produto Webmotors; co-fundador da iCarros","Startups de consumo e dados em estágio pré-seed","R$ 50 mil a R$ 200 mil","LinkedIn InMail — rede Endeavor / anjos","Mapeado","Enviar Template 1 com tração e roadmap de dados proprietários"
"Fernando Ortenblad","zFlow (Co-fundador)","Anjo Setorial","Ex-executivo pioneiro da Webmotors; co-fundador iCarros e zFlow","Softwares para e-commerce de veículos","R$ 50 mil a R$ 200 mil","Sindicato ex-Webmotors — via zFlow","Mapeado","Enviar Template 1 e convidar para demo da sincronização DMS"
"Sylvio de Barros (in memoriam)","Legado — Webmotors/iCarros/zFlow","Anjo Setorial","Fundador da Webmotors (1995), iCarros (2007) e zFlow (2016)","Precursor do VC automotivo nacional","Não aplicável","Não aplicar — legado histórico","Lead","Manter registro histórico — não abordar"
"Tiago Cavalcanti Fernandes","AutoForce (CEO)","Anjo Setorial","Criador da plataforma líder de marketing para revendas no Nordeste","Martechs B2B e automação comercial para revendas","R$ 50 mil a R$ 200 mil","BR Angels / GVAngels — inscrição na rede","Mapeado","Apresentar via BR Angels como caso de smart money setorial"
"Ronaldo Sodré Santoro","Bom Valor (CEO)","Anjo Setorial","Família fundadora Sodré Santoro Leilões; inovação em leilões corporativos","Leilões e desintermediação de ativos veiculares","R$ 100 mil a R$ 300 mil","LinkedIn InMail — Sodré Santoro","Mapeado","Enviar Template 1 com tese de repasse B2B e inventário em tempo real"
"Marcelo Zamprogna Krug","Investidor Independente","Anjo Setorial","Co-fundador pioneiro da Webmotors na transição para a web","Infraestrutura de dados e ferramentas transacionais B2B","R$ 50 mil a R$ 200 mil","LinkedIn InMail — rede independente","Mapeado","Enviar Template 1 com arquitetura de parser e diffs em tempo real"
"Peter Fernandez","Investidor Anjo / Advisor","Anjo Setorial","Ex-CEO da 99 na expansão e aquisição pela DiDi; ex-Google","Mobilidade, logtech e autotech B2B","US$ 100 mil a US$ 250 mil","LinkedIn InMail — advisor / sindicatos globais","Mapeado","Enviar Template 1 com foco em redução de custo por veículo vendido"
"Paulo Veras","Investidor Anjo / Conselheiro","Anjo Setorial","Co-fundador e ex-CEO da 99; portfólio Klubi, Frete.com, Digibee","Autotech B2B e SaaS transacional","R$ 200 mil a R$ 500 mil","LinkedIn InMail — YPO / Spectra","Mapeado","Enviar Template 3 (E-mail) com deck completo e rodada aberta"
"Ariel Lambrecht","antonella.ai (Co-fundador)","Anjo Setorial","Co-fundador da 99 e Yellow; investidor em Klubi, Quansa, Mobees","Mobilidade, IA e SaaS","R$ 100 mil a R$ 300 mil","LinkedIn InMail — antonella.ai","Mapeado","Enviar Template 1 com roteiro de IA para composição de inventário"
"Renato Freitas","Unknown Ventures","Anjo Setorial","Co-fundador da 99 e Yellow; gestor na Unknown Ventures","Pré-seed e seed em mobilidade e segurança urbana","R$ 100 mil a R$ 300 mil","Unknown Ventures — contato institucional","Mapeado","Enviar Template 3 com One-Pager e memória de fundo"
"Patrick Sigrist","Yellow Ventures","Anjo Setorial","Co-fundador do iFood e Yellow; Managing Partner na Yellow Ventures","Logtech de última milha e mobilidade sustentável","R$ 100 mil a R$ 300 mil","Yellow Ventures — contato institucional","Mapeado","Enviar Template 3 pedindo reunião de pitch 15 minutos"
"André Turquetto","Veloe / Grupo EloPar (CEO)","Anjo Setorial","Comanda a Veloe (pedágios e gestão de frotas corporativas)","Logística, frotas e bilhetagem digital","R$ 100 mil a R$ 300 mil","Inovabra — programa / ecossistema EloPar","Mapeado","Validar integração com frotas e agendar pitch via Inovabra"
"Kaumer Chieppe","Grupo Águia Branca (Presidente)","Anjo Corporativo","Ex-CEO da Vix Logística; preside grupo de transporte e concessionárias","Telemetria, frotas comerciais e logística reversa","R$ 200 mil a R$ 500 mil","Águia Branca Ventures — CVC/M&A","Mapeado","Abordar como CVC para piloto em concessionárias do grupo"
"Renan Chieppe","Grupo Águia Branca (Conselheiro)","Anjo Corporativo","Ex-presidente do Grupo Águia Branca; liderança em frotas e revendas","Softwares de gestão e manutenção veicular","R$ 200 mil a R$ 500 mil","Conselho Águia Branca — via família","Mapeado","Convidar família para demonstração da plataforma em loja piloto"
"Federico Vega","Frete.com / CargoX (CEO)","Anjo Setorial","Estruturou o principal ecossistema de frete digital rodoviário da LATAM","Autotech para veículos pesados e conectividade","R$ 100 mil a R$ 300 mil","Redes globais de logtech — LinkedIn","Mapeado","Enviar Template 1 com caso de uso de integração com pátios"
"Eduardo Rocha","Klubi (CEO)","Anjo Setorial","Ex-CEO do Grupo Rodobens por 8 anos (concessionárias e consórcios)","Consórcio as a service, crédito alternativo e seguros","R$ 200 mil a R$ 500 mil","Klubi — LinkedIn / rede Insper","Mapeado","Agendar conversa sobre originação de consórcio a partir de leads do DAA"
"Paulo Cardamone","Bright Consulting (CEO)","Anjo Setorial","Líder de consultoria de inteligência competitiva e regulação automotiva","Análise preditiva de frota e dados regulatórios","R$ 50 mil a R$ 200 mil","Conselhos técnicos — Bright Consulting","Mapeado","Enviar Template 1 com dados setoriais de latência de fim de semana"
"Cassio Pagliarini","Bright Consulting (CMO)","Anjo Setorial","Ex-Diretor de Estratégia de Produto da Ford e Renault","Precificação algorítmica de seminovos e software veicular","R$ 50 mil a R$ 200 mil","Bright Consulting — LinkedIn","Mapeado","Enviar Template 1 com roteiro de dados de precificação em tempo real"
"Alarico Assumpção Júnior","Fenabrave (Presidente do Conselho)","Anjo Setorial","Ex-presidente executivo da Fenabrave; líder de redes de concessionárias","DMS e automação para redes de concessionárias","R$ 200 mil a R$ 500 mil","Fenabrave Innovation Labs — programa","Mapeado","Apresentar na Fenabrave Innovation como chancela setorial e canal de distribuição"
"Sergio Habib","Grupo SHC / JAC Motors (Presidente)","Anjo Corporativo","Responsável pela consolidação da Citroën e JAC Motors no Brasil","Canais de distribuição direta ao consumidor","R$ 200 mil a R$ 500 mil","LinkedIn InMail — Grupo SHC","Mapeado","Enviar Template 1 com piloto em rede autorizada JAC"
"Carlos Alberto de Oliveira Andrade Filho","CAOA (Presidente do Conselho)","Anjo Corporativo","Maior grupo independente de distribuição e manufatura automotiva da AL","Conectividade veicular e logística reversa de autopeças","R$ 500 mil a R$ 1 milhão","CAOA Ventures — M&A/CVC","Mapeado","Abordar via CVC para projeto-piloto em multicanalidade de inventário"
"Orlando Merluzzi","MA8 Management Consulting (Fundador)","Anjo Setorial","+35 anos executivo C-Level em Fiat, Volvo e Ford","Pós-venda, pós-garantia e telemetria preditiva","R$ 100 mil a R$ 300 mil","MA8 — LinkedIn / IBGC","Mapeado","Enviar Template 1 com caso de integração com DMS de pós-venda"
"Marcelo Franciulli","Consultor — Varejo Automotivo","Anjo Setorial","Ex-Diretor Executivo da Fenabrave; interlocução com montadoras e revendas","Martech para distribuição e repasse B2B","R$ 50 mil a R$ 200 mil","Comitês consultivos — via Fenabrave","Mapeado","Enviar Template 1 com dados de conformidade fiscal veicular"
"Flavio Meneghetti","Empresário / Conselheiro Distribuição","Anjo Setorial","Ex-liderança em associações regionais de revendedores","Repasse interlojas e esteiras de laudos cautelares","R$ 50 mil a R$ 200 mil","Redes regionais de revendas","Mapeado","Enviar Template 1 com estudo de caso de redução de inventário fantasma"
"Canary","Canary","Fundo VC","Primeiro cheque institucional; portfólio Gupy, Revena, Bull, Comp","Seed LATAM SaaS B2B; chancela para Série A","US$ 1M a US$ 3M (R$ 5M a R$ 15M)","Portal institucional + rede de fundadores","Mapeado","Submeter no portal após atingir MRR alvo e referenciais de portfólio"
"Maya Capital","Maya Capital","Fundo VC","Pré-Seed e Seed; recrutamento e pontes corporativas","Software B2B com retenção e expansão de contas","US$ 500 mil a US$ 2M (R$ 2,5M a R$ 10M)","Formulário estruturado no website + bilaterais","Mapeado","Warm intro via rede de fundadores antes da submissão formal"
"DOMO.VC","DOMO.VC (Domo Invest)","Fundo VC","Seed e Pré-Seed estruturado; portfólio Conta Simples, CarbigData","SaaS corporativo e acesso a compradores enterprise","R$ 1M a R$ 5M","Plataforma digital corporativa + sindicatos B2B parceiros","Mapeado","Mapear lead enterprise no portfólio e solicitar introdução comercial"
"Bossa Invest","Bossa Nova / Bossa Invest","Fundo VC","Micro-VC pré-seed com PSF; portfólio MeEventos, RevisaPrev","Validação ágil com sindicatos amplos de coinvestimento","R$ 100 mil a R$ 500 mil","Portal de triagem quantitativa online","Mapeado","Submeter no portal com métricas padronizadas de CAC payback e NRR"
"SaaSholic","SaaSholic (Fundo III)","Fundo VC","Seed/Pré-Seed SaaS B2B puro; horizontes de internacionalização LATAM-EUA","Go-to-market, precificação e expansion","US$ 1M a US$ 1,5M","Formulário SaaSholic + warm intro de cofundadores","Mapeado","Enviar Template 3 com data room de unit economics e roadmap de IA"
"Astella Investimentos","Astella","Fundo VC","Seed avançado/Série A; unit economics rígidos e canais próprios","SaaS corporativo com canais de distribuição saudáveis","R$ 3M a R$ 20M","Bilaterais + referências de mercado","Mapeado","Solicitar bilaterais ao atingir ARR acima de R$ 1M com NRR auditado"
"ONEVC","ONEVC","Fundo VC","Seed; software verticalizado B2B; suporte a captações globais","Vertical SaaS com exposição a corporações norte-americanas","US$ 500 mil a US$ 2M","Bilaterais dedicadas de suporte","Mapeado","Enviar Template 3 pedindo reunião de pitch e roadmap de expansão"
"Latitud Ventures","Latitud","Fundo VC","Pré-Seed / First Check; comunidade e programas educacionais","Vertical SaaS e comércio B2B na LATAM","US$ 250 mil","Comunidade Latitud — programa","Mapeado","Ingressar em programa Latitud e submeter via comunidade"
"Iporanga Ventures","Iporanga Ventures","Fundo VC","Seed/Série A; infraestrutura corporativa complexa e software","Software com barreiras de dados e crédito","R$ 2M a R$ 15M","Bilaterais / consórcio","Mapeado","Mapear sinergia com backoffice e agendar apresentação do comitê"
"Caravela Capital","Caravela Capital","Fundo VC","Seed/Pré-Seed; SaaS corporativo com automação via IA","Automação com IA e análise veloz","R$ 2M a R$ 6M","Bilaterais — contato do comitê","Mapeado","Enviar Template 3 com caso de uso de IA no feed do DAA"
"Norte Ventures","Norte Ventures","Sindicato de Operadores","Co-investimento Seed liderado por operadores","Aceleração sem conselho e coinvestimento","US$ 100 mil a US$ 500 mil","Coinvestimento via sindicato","Mapeado","Enviar memorando de rodada após angariar anjo líder"
"BR Angels Smart Network","BR Angels","Rede de Anjos","Smart money executivo em pré-seed/seed (AutoForce, LandApp)","Smart money setorial e destravamento B2B","R$ 10 mil a R$ 150 mil","Inscrição BR Angels","Mapeado","Inscrever projeto e solicitar rodada de pitch em evento mensal"
"GVAngels","GVAngels","Rede de Anjos","Rede de ex-alunos FGV (AutoForce, Kovi, DeÔnibus)","Anjos executivos de financeiro e tech","R$ 10 mil a R$ 150 mil","Inscrição GVAngels","Mapeado","Inscrever projeto e buscar warm intro de membro"
"Poli Angels","Poli Angels","Rede de Anjos","Engenheiros e ex-alunos da Poli-USP (Bynd, mobilidade profunda)","Mobilidade e IoT em estágio inicial","R$ 10 mil a R$ 100 mil","Inscrição Poli Angels","Mapeado","Inscrever projeto com destaque para infraestrutura e parser"
"Gávea Angels","Gávea Angels","Rede de Anjos","Associação pioneira de anjos no RJ (rotas urbanas, frotas)","Softwares de frotas e logística de última milha","R$ 10 mil a R$ 100 mil","Inscrição Gávea Angels","Mapeado","Inscrever projeto e apresentar em reunião bimestral"
"FJ Labs (veículo)","FJ Labs","Veículo Global","Veículo focado em marketplaces e redes transacionais (InstaCarro)","Marketplaces e redes transacionais","US$ 250 mil+","FJ Labs — portal de submissão (fjlabs.com)","Mapeado","Enviar Template 3 em paralelo à abordagem do fundador Fabrice Grinda"